transaction_id,amount,timestamp,location,device,fraud
1,100.0,2021-01-01 00:00:00,New York,Mobile,0
2,250.0,2021-01-01 01:00:00,Los Angeles,Desktop,1
3,300.0,2021-01-01 02:00:00,Chicago,Mobile,0
4,450.0,2021-01-01 03:00:00,New York,Tablet,0
5,500.0,2021-01-01 04:00:00,Los Angeles,Mobile,1
6,600.0,2021-01-01 05:00:00,Chicago,Desktop,0
7,700.0,2021-01-01 06:00:00,New York,Mobile,0
8,850.0,2021-01-01 07:00:00,Los Angeles,Desktop,1
9,900.0,2021-01-01 08:00:00,Chicago,Tablet,0
10,1000.0,2021-01-01 09:00:00,New York,Mobile,1
